Regency/City,Province,Exposure,Climate Change,Model,Metode,WMSE,Parameter,Total Data,l_min (PML 2y),P(L > l_min),E[L|L>l_min],AAL,PML 2y,PML 5y,PML 10y,PML 25y,PML 50y,PML 100y,PML 250y
Badung,Bali,Airport,0,Lognormal,WLS,3.60896e-06,"σ=0.1748, μ=3.4223 (WLS)",7,30.65406361,0.5,35.4406311,17.72031555,30.65406361,35.52869721,38.35250074,41.63960103,43.88232761,45.98554971,48.64604212
Buleleng,Bali,Airport,0,Lognormal,Linear,8.56165e-06,"σ=0.0848, μ=0.4180 (Linear)",7,1.519323218,0.5,1.627752338,0.813876169,1.519323218,1.632096468,1.693794512,1.762738213,1.808180057,1.849720801,1.900890934
Badung,Bali,Airport,1,Lognormal,Linear,7.92016e-07,"σ=0.1971, μ=3.5159 (Linear)",7,33.66503068,0.5,39.68088663,19.84044332,33.66503068,39.75794318,43.33749842,47.54666848,50.44308576,53.17652687,56.65700097
Buleleng,Bali,Airport,1,Lognormal,Linear,7.51671e-06,"σ=0.0815, μ=0.4583 (Linear)",7,1.581742576,0.5,1.689960295,0.844980148,1.581742576,1.694379549,1.755872422,1.824483029,1.86964749,1.910895665,1.961655528
Badung,Bali,Educational Facilities,0,Pareto,Linear,1.62912e-06,"α=14.6046, xm=17.3485 (Linear)",7,18.19324449,0.5,19.51766505,9.758832525,18.19324449,19.36276734,20.28653761,21.57664066,22.62866862,23.73994808,25.27142644
Bangli,Bali,Educational Facilities,0,Pareto,Linear,4.68155e-05,"α=30.0665, xm=1.3745 (Linear)",7,1.406654235,0.5,1.454599875,0.727299937,1.406654235,1.449874018,1.483071099,1.528157812,1.563907452,1.600754056,1.650108717
Buleleng,Bali,Educational Facilities,0,Pareto,Linear,2.39733e-06,"α=18.0468, xm=39.5995 (Linear)",7,41.15293095,0.5,43.5441451,21.77207255,41.15293095,43.28099799,44.94456603,47.24392605,49.09956783,51.04194057,53.69065566
Denpasar City,Bali,Educational Facilities,0,Lognormal,Linear,2.20701e-06,"σ=0.2026, μ=2.7817 (Linear)",7,16.15454086,0.5,19.13375903,9.566879515,16.15454086,19.16772762,20.94417016,23.03834024,24.48244352,25.84743293,27.5883114
Gianyar,Bali,Educational Facilities,0,Pareto,Linear,1.80631e-06,"α=11.2380, xm=5.7428 (Linear)",7,6.108855775,0.5,6.699671308,3.349835654,6.108855775,6.624037255,7.037635577,7.624721835,8.111345461,8.632786393,9.363417453
Jembrana,Bali,Educational Facilities,0,Lognormal,Linear,8.59466e-06,"σ=0.1437, μ=2.8488 (Linear)",7,17.27282893,0.5,19.44477276,9.722386379,17.27282893,19.5013516,20.76712664,22.21992366,23.19940011,24.10988975,25.25110911
Karangasem,Bali,Educational Facilities,0,Lognormal,Linear,4.91078e-06,"σ=0.1146, μ=3.4767 (Linear)",7,32.36256649,0.5,35.54450973,17.77225487,32.36256649,35.64971759,37.48252412,39.55845877,40.94248113,42.21842515,43.80400971
Klungkung,Bali,Educational Facilities,0,Pareto,Linear,2.08584e-06,"α=11.9150, xm=6.5148 (Linear)",7,6.905799876,0.5,7.532299509,3.766149755,6.905799876,7.45382066,7.892023369,8.511545511,9.022993367,9.569104621,10.33117941
Tabanan,Bali,Educational Facilities,0,Lognormal,Linear,3.60481e-06,"σ=0.0908, μ=3.1699 (Linear)",7,23.81123134,0.5,25.63786544,12.81893272,23.81123134,25.70849674,26.75046113,27.91796738,28.6892644,29.39554834,30.26709394
Badung,Bali,Educational Facilities,1,Pareto,Linear,5.50574e-06,"α=10.2402, xm=16.9338 (Linear)",7,18.12192028,0.5,20.06365562,10.03182781,18.12192028,19.80584931,21.16706322,23.11258738,24.73635085,26.48685156,28.95688428
Bangli,Bali,Educational Facilities,1,Lognormal,WLS,2.72397e-05,"σ=0.0428, μ=0.3652 (WLS)",7,1.44096755,0.5,1.491464499,0.745732249,1.44096755,1.493972314,1.52220387,1.553154549,1.573227589,1.591359807,1.613420052
Buleleng,Bali,Educational Facilities,1,Pareto,Linear,3.62497e-06,"α=15.6722, xm=41.2118 (Linear)",7,43.07891295,0.5,45.98690412,22.99345206,43.07891295,45.65400841,47.68048575,50.50014716,52.7909481,55.20290734,58.51437007
Denpasar City,Bali,Educational Facilities,1,Lognormal,Linear,1.82044e-06,"σ=0.2238, μ=2.8137 (Linear)",7,16.68080077,0.5,20.12920338,10.06460169,16.68080077,20.14975672,22.22248432,24.68960141,26.4047572,28.03573258,30.12891589
Gianyar,Bali,Educational Facilities,1,Lognormal,WLS,1.73377e-06,"σ=0.1894, μ=1.8046 (WLS)",7,6.080609202,0.5,7.119276373,3.559638186,6.080609202,7.134601229,7.750808827,8.472872047,8.968275465,9.434783669,10.02743709
Jembrana,Bali,Educational Facilities,1,Lognormal,Linear,1.33578e-05,"σ=0.1600, μ=2.8861 (Linear)",7,17.93165251,0.5,20.46958102,10.23479051,17.93165251,20.52556732,22.01418505,23.73544496,24.9031948,25.99372686,27.36720335
Karangasem,Bali,Educational Facilities,1,Lognormal,Linear,6.94375e-06,"σ=0.1330, μ=3.5063 (Linear)",7,33.33509835,0.5,37.18420333,18.59210167,33.33509835,37.29454098,39.5280994,42.07913162,43.791929,45.37922088,47.36242433
Klungkung,Bali,Educational Facilities,1,Pareto,WLS,3.01169e-06,"α=8.9958, xm=6.4608 (WLS)",7,6.979331443,0.5,7.84341295,3.921706475,6.979331443,7.722205044,8.329171525,9.206032475,9.945775846,10.7508102,11.89924021
Tabanan,Bali,Educational Facilities,1,Lognormal,Linear,1.06917e-06,"σ=0.0977, μ=3.1962 (Linear)",7,24.44549311,0.5,26.4716464,13.2358232,24.44549311,26.54673617,27.70578027,29.00852921,29.87144606,30.66316854,31.64212539
Badung,Bali,Electricity,0,Lognormal,WLS,4.8085e-07,"σ=0.1996, μ=2.3089 (WLS)",7,10.06863729,0.5,11.89416178,5.947080892,10.06863729,11.91637192,13.00364609,14.28363519,15.16527714,15.99790857,17.05888626
Buleleng,Bali,Electricity,0,Pareto,WLS,1.54768e-05,"α=5.8857, xm=6.3078 (WLS)",7,7.097697426,0.5,8.534769461,4.26738473,7.097697426,8.284326385,9.299976283,10.8373566,12.19625769,13.7369742,16.04208736
Denpasar City,Bali,Electricity,0,Lognormal,WLS,6.30483e-06,"σ=0.7941, μ=-1.5770 (WLS)",6,0.207032343,0.5,0.445912313,0.222956156,0.207032343,0.404726859,0.572839528,0.832248095,1.056188082,1.30645597,1.686733377
Gianyar,Bali,Electricity,0,Pareto,WLS,1.37567e-06,"α=7.5795, xm=5.5161 (WLS)",7,6.045347536,0.5,6.954687288,3.477343644,6.045347536,6.816432791,7.456894616,8.397533025,9.204286386,10.09506352,11.38737441
Jembrana,Bali,Electricity,0,Lognormal,Linear,2.06362e-06,"σ=0.2542, μ=1.1256 (Linear)",7,3.084129927,0.5,3.823836262,1.911918131,3.084129927,3.822364828,4.272002415,4.814642422,5.196303478,5.562375097,6.036427503
Karangasem,Bali,Electricity,0,Pareto,WLS,3.87287e-06,"α=9.9979, xm=1.9305 (WLS)",7,2.069378872,0.5,2.297074364,1.148537182,2.069378872,2.266545616,2.426225631,2.654878305,2.846074699,3.052534925,3.344417889
Klungkung,Bali,Electricity,0,Pareto,WLS,4.97846e-07,"α=4.9681, xm=0.2327 (WLS)",7,0.26765502,0.5,0.334349333,0.167174666,0.26765502,0.321451826,0.368652418,0.441906547,0.5082875,0.585216297,0.703281973
Tabanan,Bali,Electricity,0,Pareto,WLS,2.86784e-06,"α=7.1174, xm=1.1788 (WLS)",7,1.299559567,0.5,1.509782273,0.754891136,1.299559567,1.476783389,1.624986021,1.844135677,2.0333757,2.243577785,2.550656633
Badung,Bali,Electricity,1,Lognormal,Linear,2.19984e-07,"σ=0.2220, μ=2.3808 (Linear)",7,10.82044276,0.5,13.03618236,6.518091179,10.82044276,13.05043936,14.38133687,15.96415099,17.06376087,18.10885746,19.4494009
Buleleng,Bali,Electricity,1,Pareto,WLS,9.33935e-06,"α=5.8095, xm=7.1196 (WLS)",7,8.023563522,0.5,9.673759916,4.836879958,8.023563522,9.383974205,10.55041598,12.31917848,13.88536329,15.66385819,18.32953058
Denpasar City,Bali,Electricity,1,Lognormal,WLS,2.77267e-06,"σ=0.6592, μ=-1.0647 (WLS)",6,0.345442971,0.5,0.63929716,0.31964858,0.345442971,0.602631915,0.804076364,1.09638658,1.33620905,1.594195079,1.970823476
Gianyar,Bali,Electricity,1,Lognormal,WLS,1.77224e-06,"σ=0.2958, μ=1.7817 (WLS)",7,5.944687201,0.5,7.653172537,3.826586268,5.944687201,7.63071816,8.684825565,9.98122771,10.90764124,11.80674651,12.98544929
Jembrana,Bali,Electricity,1,Lognormal,WLS,1.37813e-06,"σ=0.3017, μ=1.1738 (WLS)",7,3.236784208,0.5,4.189656239,2.09482812,3.236784208,4.175594705,4.764723001,5.491217889,6.011547781,6.517387043,7.18168881
Karangasem,Bali,Electricity,1,Lognormal,WLS,6.14073e-06,"σ=0.2173, μ=0.7318 (WLS)",7,2.080070603,0.5,2.495737461,1.24786873,2.080070603,2.498911007,2.748147801,3.043934228,3.249056421,3.443752336,3.693145158
Klungkung,Bali,Electricity,1,Lognormal,WLS,2.48933e-06,"σ=0.3995, μ=-1.2995 (WLS)",7,0.272960483,0.5,0.387298641,0.193649321,0.272960483,0.382446527,0.455488366,0.549659493,0.619670897,0.689646013,0.784239125
Tabanan,Bali,Electricity,1,Lognormal,WLS,3.39601e-06,"σ=0.2932, μ=0.2660 (WLS)",7,1.305775588,0.5,1.677116476,0.838558238,1.305775588,1.67249511,1.9013994,2.182591089,2.383334917,2.578019763,2.833053005
Badung,Bali,Healthcare Facilities,0,Lognormal,WLS,1.8174e-05,"σ=0.1593, μ=1.1381 (WLS)",7,3.122098117,0.5,3.561772163,1.780886081,3.122098117,3.571549514,3.82936644,4.127377388,4.329500194,4.518218912,4.755851063
Bangli,Bali,Healthcare Facilities,0,Pareto,Linear,5.57139e-06,"α=40.5754, xm=9.8566 (Linear)",7,10.02671575,0.5,10.27774469,5.138872346,10.02671575,10.25410237,10.42756676,10.66155735,10.84582099,11.03460063,11.28571135
Buleleng,Bali,Healthcare Facilities,0,Lognormal,WLS,2.5971e-05,"σ=0.1580, μ=2.0942 (WLS)",7,8.121966316,0.5,9.255039386,4.627519693,8.121966316,9.280612681,9.944673904,10.71179282,11.23181404,11.71716342,12.32806569
Denpasar City,Bali,Healthcare Facilities,0,Lognormal,Linear,8.34339e-06,"σ=0.1033, μ=1.1840 (Linear)",7,3.268204006,0.5,3.555781085,1.777890542,3.268204006,3.566057419,3.730943706,3.916748673,4.040089271,4.153434932,4.293818993
Gianyar,Bali,Healthcare Facilities,0,Lognormal,WLS,2.14056e-05,"σ=0.5222, μ=-1.4505 (WLS)",7,0.234780611,0.5,0.376121463,0.188060731,0.234780611,0.364849434,0.458490959,0.586153318,0.685595924,0.788501581,0.932755007
Jembrana,Bali,Healthcare Facilities,0,Pareto,Linear,4.84213e-06,"α=39.6177, xm=17.3771 (Linear)",7,17.68432064,0.5,18.13804244,9.069021222,17.68432064,18.0951732,18.408745,18.83192953,19.16533851,19.50706082,19.96183134
Karangasem,Bali,Healthcare Facilities,0,Lognormal,Linear,8.61919e-06,"σ=0.0898, μ=1.9208 (Linear)",7,6.828024396,0.5,7.345770228,3.672885114,6.828024396,7.365909911,7.661126257,7.99176305,8.210110519,8.409997102,8.656582525
Klungkung,Bali,Healthcare Facilities,0,Lognormal,Linear,2.30951e-06,"σ=0.2365, μ=1.2909 (Linear)",7,3.638428377,0.5,4.440100645,2.220050322,3.638428377,4.442245595,4.926378986,5.505952494,5.9108304,6.297219851,6.794965155
Tabanan,Bali,Healthcare Facilities,0,Lognormal,Linear,9.20842e-06,"σ=0.1025, μ=1.3522 (Linear)",7,3.866836185,0.5,4.204085322,2.102042661,3.866836185,4.21620456,4.409503467,4.627241163,4.771731835,4.904481473,5.068856851
Badung,Bali,Healthcare Facilities,1,Pareto,WLS,2.67478e-05,"α=4.4535, xm=2.3752 (WLS)",7,2.775945828,0.5,3.570439417,1.785219708,2.775945828,3.405197559,3.96751707,4.856544802,5.677136594,6.643680359,8.155378496
Bangli,Bali,Healthcare Facilities,1,Lognormal,Linear,5.80196e-06,"σ=0.0591, μ=2.2976 (Linear)",7,9.95174034,0.5,10.43810303,5.219051515,9.95174034,10.46046898,10.73425905,11.03664446,11.23398732,11.41307455,11.63200558
Buleleng,Bali,Healthcare Facilities,1,Pareto,WLS,2.41749e-05,"α=7.2767, xm=7.4220 (WLS)",7,8.165181924,0.5,9.452550143,4.726275071,8.165181924,9.252757741,10.16002826,11.49834969,12.6511977,13.92900121,15.79106409
Denpasar City,Bali,Healthcare Facilities,1,Pareto,Linear,2.77806e-06,"α=15.5996, xm=3.2554 (Linear)",7,3.403589785,0.5,3.63448718,1.81724359,3.403589785,3.60801857,3.76893219,3.992881758,4.174869995,4.366523135,4.629713587
Gianyar,Bali,Healthcare Facilities,1,Lognormal,WLS,2.05272e-05,"σ=0.5160, μ=-1.3530 (WLS)",7,0.258805432,0.5,0.411988301,0.205994151,0.258805432,0.400072929,0.501385474,0.639114365,0.746144719,0.85670702,1.011407669
Jembrana,Bali,Healthcare Facilities,1,Pareto,Linear,5.32748e-06,"α=31.7379, xm=17.5032 (Linear)",7,17.89037056,0.5,18.46701435,9.233507173,17.89037056,18.41069253,18.80979581,19.35108819,19.77968486,20.22089333,20.81104046
Karangasem,Bali,Healthcare Facilities,1,Lognormal,Linear,6.40986e-06,"σ=0.1176, μ=1.9243 (Linear)",7,6.852712736,0.5,7.545578125,3.772789062,6.852712736,7.56798979,7.967569455,8.420774704,8.723275769,9.002393109,9.349554005
Klungkung,Bali,Healthcare Facilities,1,Pareto,WLS,7.54094e-06,"α=5.6640, xm=3.4327 (WLS)",7,3.880408294,0.5,4.703348677,2.351674338,3.880408294,4.556645594,5.138494285,6.023905889,6.810666474,7.706841921,9.054893767
Tabanan,Bali,Healthcare Facilities,1,Lognormal,Linear,6.65782e-06,"σ=0.1126, μ=1.3716 (Linear)",7,3.94273168,0.5,4.323108014,2.161554007,3.94273168,4.335865912,4.55478545,4.802519875,4.96755701,5.119619914,5.308473107
Badung,Bali,Hotel,0,Pareto,Linear,2.63294e-06,"α=9.5072, xm=1246.1028 (Linear)",7,1340.524542,0.5,1496.522134,748.2610669,1340.524542,1475.160111,1584.644623,1742.063725,1874.236897,2017.476928,2220.830437
Buleleng,Bali,Hotel,0,Pareto,Linear,1.64299e-05,"α=17.9943, xm=113.0182 (Linear)",7,117.4649236,0.5,124.3113795,62.15568974,117.4649236,123.5573627,128.3206,134.9051226,140.2196838,145.7832707,153.3710438
Denpasar City,Bali,Hotel,0,Lognormal,Linear,6.09748e-06,"σ=0.2055, μ=3.4819 (Linear)",7,32.53825384,0.5,38.63727447,19.31863723,32.53825384,38.70229438,42.34302862,46.64060764,49.607447,52.41406546,55.99664309
Gianyar,Bali,Hotel,0,Pareto,WLS,3.5825e-06,"α=7.0683, xm=253.0487 (WLS)",7,279.1711657,0.5,324.6961877,162.3480938,279.1711657,317.5243376,349.6217874,397.1216528,438.1705303,483.7974576,550.5054483
Jembrana,Bali,Hotel,0,Lognormal,WLS,3.15637e-06,"σ=0.6665, μ=1.3709 (WLS)",7,3.945816842,0.5,7.361025138,3.680512569,3.945816842,6.926327839,9.27133878,12.68551148,15.49441004,18.5223277,22.95235013
Karangasem,Bali,Hotel,0,Pareto,Linear,9.08969e-05,"α=24.5347, xm=452.0768 (Linear)",7,465.0547101,0.5,484.6304556,242.3152278,465.0547101,482.6254985,496.2022205,514.7512717,529.5471219,544.8769789,565.5354953
Klungkung,Bali,Hotel,0,Pareto,Linear,1.3163e-05,"α=12.5608, xm=166.1058 (Linear)",7,175.5473224,0.5,190.5842686,95.29213429,175.5473224,188.7357644,199.2453597,214.052869,226.235349,239.204394,257.2390846
Tabanan,Bali,Hotel,0,Lognormal,Linear,6.40643e-06,"σ=0.0905, μ=4.2452 (Linear)",7,69.78950532,0.5,75.12238978,37.56119489,69.78950532,75.32901525,78.37062575,81.77818915,84.02905986,86.09000768,88.63294065
Badung,Bali,Hotel,1,Pareto,WLS,3.27474e-06,"α=7.2070, xm=1232.8632 (WLS)",7,1357.563772,0.5,1574.005224,787.0026119,1357.563772,1540.248671,1692.807235,1918.085301,2112.347792,2327.865924,2642.265535
Buleleng,Bali,Hotel,1,Pareto,Linear,1.45749e-05,"α=12.5004, xm=111.2476 (Linear)",7,117.602366,0.5,127.7287242,63.86436208,117.602366,126.4817807,133.5597588,143.5353263,151.7449671,160.4870102,172.6474335
Denpasar City,Bali,Hotel,1,Lognormal,Linear,8.02239e-06,"σ=0.2150, μ=3.5252 (Linear)",7,33.97901811,0.5,40.68610584,20.34305292,33.97901811,40.74130462,44.7594199,49.52297965,52.82349032,55.9541815,59.96165309
Gianyar,Bali,Hotel,1,Lognormal,Linear,7.9718e-07,"σ=0.2525, μ=5.6675 (Linear)",7,289.5014044,0.5,358.3752867,179.1876433,289.5014044,358.2700316,400.1090165,450.5618892,486.0237993,520.0203985,564.0223471
Jembrana,Bali,Hotel,1,Lognormal,WLS,4.77815e-06,"σ=0.6273, μ=1.7018 (WLS)",7,5.492926668,0.5,9.820921412,4.910460706,5.492926668,9.327664098,12.27301439,16.48520965,19.89957013,23.53948898,28.803264
Karangasem,Bali,Hotel,1,Pareto,Linear,3.96681e-05,"α=15.5379, xm=434.3211 (Linear)",7,454.1716769,0.5,485.1130109,242.5565055,454.1716769,481.5619185,503.1261643,533.1439916,557.5423331,583.2409662,618.5392459
Klungkung,Bali,Hotel,1,Lognormal,Linear,1.80166e-05,"σ=0.1426, μ=5.2301 (Linear)",7,186.8807914,0.5,210.1721064,105.0860532,186.8807914,210.7854148,224.3529705,239.9169672,250.4055514,260.1521913,272.3645718
Tabanan,Bali,Hotel,1,Pareto,Linear,4.78842e-06,"α=15.7480, xm=69.9912 (Linear)",7,73.14655042,0.5,78.05884552,39.02942276,73.14655042,77.49730474,80.92030635,85.6819464,89.54953891,93.62081171,99.20901534
Badung,Bali,Rice Field in 2022,0,Lognormal,Linear,3.46517e-06,"σ=0.0322, μ=6.0281 (Linear)",7,414.9434073,0.5,425.8229345,212.9114673,414.9434073,426.3889224,432.444059,439.0506464,443.3179679,447.1611527,451.8223603
Bangli,Bali,Rice Field in 2022,0,Pareto,Linear,2.9471e-05,"α=79.7751, xm=117.3131 (Linear)",7,118.3387019,0.5,119.8272982,59.91364908,118.3387019,119.6961672,120.7218061,122.0921258,123.1608597,124.2465737,125.6767204
Buleleng,Bali,Rice Field in 2022,0,Pareto,Linear,8.28141e-06,"α=74.9277, xm=390.5998 (Linear)",7,394.2365716,0.5,399.5208496,199.7604248,394.2365716,399.0532143,402.6947965,407.563307,411.3627914,415.2248269,420.3153872
Denpasar CIty,Bali,Rice Field in 2022,0,Lognormal,Linear,2.28189e-06,"σ=0.0680, μ=4.5495 (Linear)",7,94.60337942,0.5,99.96028404,49.98014202,94.60337942,100.1956501,103.2226087,106.5793621,108.7776206,110.7776123,113.2290474
Gianyar,Bali,Rice Field in 2022,0,Pareto,Linear,1.18455e-05,"α=105.2665, xm=598.4403 (Linear)",7,602.401028,0.5,608.1262493,304.0631246,602.401028,607.6305771,611.5722629,616.8259817,620.9135317,625.0572394,630.5021465
Jembrana,Bali,Rice Field in 2022,0,Pareto,Linear,2.54756e-06,"α=33.2075, xm=199.1451 (Linear)",7,203.3533227,0.5,209.608821,104.8044105,203.3533227,209.0022857,213.3304209,219.1940724,223.8317693,228.6012914,234.973681
Karangasem,Bali,Rice Field in 2022,0,Pareto,Linear,8.60729e-06,"α=74.9022, xm=251.4590 (Linear)",7,253.8010629,0.5,257.2041427,128.6020714,253.8010629,256.9029774,259.2481623,262.3835023,264.8303942,267.3175772,270.5959525
Klungkung,Bali,Rice Field in 2022,0,Lognormal,Linear,6.12419e-06,"σ=0.0286, μ=4.6790 (Linear)",7,107.6747989,0.5,110.1702077,55.08510386,107.6747989,110.3020651,111.6887313,113.1991607,114.1733969,115.049887,116.1117868
Tabanan,Bali,Rice Field in 2022,0,Pareto,Linear,6.85622e-06,"α=74.4624, xm=778.3439 (Linear)",7,785.6363899,0.5,796.2336101,398.1168051,785.6363899,795.295361,802.598429,812.3627036,819.9834485,827.7301048,837.9416823
Badung,Bali,Rice Field in 2022,1,Pareto,Linear,5.36326e-06,"α=48.8209, xm=414.3787 (Linear)",7,420.3147392,0.5,429.023664,214.511832,420.3147392,428.2217608,434.2338023,442.3169362,448.6611796,455.1420605,463.733875
Bangli,Bali,Rice Field in 2022,1,Pareto,Linear,4.41571e-05,"α=61.0361, xm=117.2876 (Linear)",7,118.6296228,0.5,120.5875859,60.29379295,118.6296228,120.4113363,121.7616419,123.5712375,124.9869076,126.4289369,128.3343451
Buleleng,Bali,Rice Field in 2022,1,Pareto,Linear,1.12668e-05,"α=56.1197, xm=390.5310 (Linear)",7,395.3933663,0.5,402.5012484,201.2506242,395.3933663,401.856297,406.759943,413.3389697,418.4917215,423.7456744,430.6959688
Denpasar CIty,Bali,Rice Field in 2022,1,Lognormal,Linear,7.48141e-06,"σ=0.0769, μ=4.5592 (Linear)",7,95.53042392,0.5,101.6767553,50.83837767,95.53042392,101.9343268,105.4201703,109.3013335,111.8516565,114.1777803,117.0363965
Gianyar,Bali,Rice Field in 2022,1,Pareto,Linear,5.25378e-05,"α=73.2605, xm=595.4731 (Linear)",7,601.1441884,0.5,609.3877062,304.6938531,601.1441884,608.6569393,614.3382629,621.9355729,627.8661042,633.8955477,641.8449229
Jembrana,Bali,Rice Field in 2022,1,Lognormal,Linear,2.20904e-06,"σ=0.0706, μ=5.3068 (Linear)",7,201.7366082,0.5,213.6157283,106.8078642,201.7366082,214.1305856,220.8502582,228.3108462,233.201488,237.6543098,243.1164149
Karangasem,Bali,Rice Field in 2022,1,Lognormal,Linear,1.09187e-05,"σ=0.0283, μ=5.5357 (Linear)",7,253.61482,0.5,259.4332477,129.7166238,253.61482,259.7410582,262.9738908,266.4948098,268.7655769,270.8083518,273.2830422
Klungkung,Bali,Rice Field in 2022,1,Lognormal,Linear,4.76443e-05,"σ=0.0309, μ=4.6842 (Linear)",7,108.231107,0.5,110.9492838,55.47464188,108.231107,111.0914974,112.6034704,114.2521437,115.3165077,116.2747202,117.4364322
Tabanan,Bali,Rice Field in 2022,1,Lognormal,Linear,3.00931e-05,"σ=0.0286, μ=6.6641 (Linear)",7,783.7796034,0.5,802.0025736,401.0012868,783.7796034,802.9651099,813.0917693,824.1227105,831.2379821,837.6395356,845.3954588
Badung,Bali,Rice Field in 2025,0,Lognormal,Linear,1.91921e-06,"σ=0.0321, μ=5.9195 (Linear)",7,372.2718004,0.5,382.0016775,191.0008388,372.2718004,382.5080729,387.9231263,393.8310694,397.6469766,401.0835167,405.2514025
Bangli,Bali,Rice Field in 2025,0,Pareto,Linear,1.78385e-05,"α=74.0039, xm=82.9164 (Linear)",7,83.69810469,0.5,84.83417477,42.41708739,83.69810469,84.73354294,85.51648101,86.56334591,87.38044909,88.21110083,89.30613253
Buleleng,Bali,Rice Field in 2025,0,Pareto,Linear,6.25857e-06,"α=86.3511, xm=379.8116 (Linear)",7,382.8782148,0.5,387.3234497,193.6617249,382.8782148,386.9339856,389.9960166,394.084,397.2698563,400.5041747,404.7612697
Denpasar CIty,Bali,Rice Field in 2025,0,Lognormal,Linear,2.82421e-06,"σ=0.0713, μ=4.2916 (Linear)",7,73.09479999,0.5,77.44228854,38.72114427,73.09479999,77.63003546,80.08998165,82.82200658,84.61340014,86.2447394,88.24624187
Gianyar,Bali,Rice Field in 2025,0,Pareto,Linear,1.4486e-05,"α=125.1354, xm=472.6432 (Linear)",7,475.2732742,0.5,479.0673426,239.5336713,475.2732742,478.7417094,481.3528518,484.8289925,487.5302819,490.2658032,493.8559558
Jembrana,Bali,Rice Field in 2025,0,Pareto,Linear,1.58862e-06,"α=32.1600, xm=164.0216 (Linear)",7,167.6017417,0.5,172.9307363,86.46536814,167.6017417,172.4113689,176.0992923,181.0994807,185.0573378,189.1304825,194.5767789
Karangasem,Bali,Rice Field in 2025,0,Pareto,Linear,7.87054e-06,"α=77.4732, xm=233.4115 (Linear)",7,235.5130668,0.5,238.5647798,119.2823899,235.5130668,238.2953855,240.3982011,243.2085261,245.400994,247.6288748,250.5644121
Klungkung,Bali,Rice Field in 2025,0,Lognormal,Linear,1.87239e-05,"σ=0.0254, μ=4.4835 (Linear)",7,88.54849562,0.5,90.37212478,45.18606239,88.54849562,90.46975015,91.48175671,92.58252221,93.2916678,93.92909749,94.70065465
Tabanan,Bali,Rice Field in 2025,0,Pareto,Linear,1.02662e-05,"α=76.4414, xm=716.0767 (Linear)",7,722.6112582,0.5,732.1026981,366.0513491,722.6112582,731.2640013,737.804461,746.5467165,753.3679122,760.3001272,769.4355517
Badung,Bali,Rice Field in 2025,1,Lognormal,Linear,7.82367e-06,"σ=0.0375, μ=5.9217 (Linear)",7,373.0997917,0.5,384.5192737,192.2596369,373.0997917,385.0999328,391.4699067,398.4366474,402.9457316,407.0127278,411.953053
Bangli,Bali,Rice Field in 2025,1,Pareto,Linear,1.21144e-05,"α=82.1964, xm=83.9589 (Linear)",7,84.67121784,0.5,85.7045491,42.85227455,84.67121784,85.6137131,86.32561056,87.27647377,88.01784859,88.77080839,89.76234214
Buleleng,Bali,Rice Field in 2025,1,Pareto,Linear,3.72473e-06,"α=62.2681, xm=379.7219 (Linear)",7,383.9801985,0.5,390.1903093,195.0951546,383.9801985,389.6323046,393.9147579,399.6523638,404.1398073,408.7097714,414.7466592
Denpasar CIty,Bali,Rice Field in 2025,1,Lognormal,Linear,2.31108e-06,"σ=0.0824, μ=4.3003 (Linear)",7,73.73740879,0.5,78.83964353,39.41982176,73.73740879,79.046962,81.94727713,85.18459327,87.31634916,89.26374292,91.6608208
Gianyar,Bali,Rice Field in 2025,1,Pareto,Linear,9.26756e-06,"α=82.2229, xm=470.7697 (Linear)",7,474.7623371,0.5,480.5544673,240.2772337,474.7623371,480.0453158,484.0357097,489.3655602,493.5211575,497.74168,503.2994499
Jembrana,Bali,Rice Field in 2025,1,Lognormal,Linear,1.97364e-06,"σ=0.0720, μ=5.1136 (Linear)",7,166.3041922,0.5,176.292983,88.1464915,166.3041922,176.7228092,182.3763659,188.6571403,192.7765182,196.5285599,201.1328798
Karangasem,Bali,Rice Field in 2025,1,Pareto,Linear,1.03788e-05,"α=66.8783, xm=233.9826 (Linear)",7,236.4247114,0.5,239.9808589,119.9904295,236.4247114,239.6632971,242.1149308,245.3967403,247.961214,250.5708298,254.015034
Klungkung,Bali,Rice Field in 2025,1,Lognormal,Linear,1.22912e-05,"σ=0.0245, μ=4.4900 (Linear)",7,89.1233078,0.5,90.88802441,45.4440122,89.1233078,90.9828728,91.96178024,93.02607715,93.71147388,94.32738765,95.07268941
Tabanan,Bali,Rice Field in 2025,1,Pareto,Linear,2.00394e-05,"α=67.4354, xm=717.5704 (Linear)",7,724.9976313,0.5,735.811149,367.9055745,724.9976313,734.8461775,742.300869,752.2789041,760.0751788,768.0080069,778.4768105
Badung,Bali,Rice Field in 2028,0,Lognormal,Linear,2.03442e-06,"σ=0.0334, μ=5.6206 (Linear)",7,276.071569,0.5,283.5780418,141.7890209,276.071569,283.9665988,288.146509,292.7095112,295.658168,298.3146339,301.5376398
Bangli,Bali,Rice Field in 2028,0,Pareto,Linear,1.06294e-05,"α=73.1526, xm=37.5728 (Linear)",7,37.93114116,0.5,38.45207036,19.22603518,37.93114116,38.40588606,38.76490536,39.24500905,39.61978849,40.00082403,40.50319937
Buleleng,Bali,Rice Field in 2028,0,Pareto,Linear,6.57123e-06,"α=75.8509, xm=343.7728 (Linear)",7,346.9344726,0.5,351.5273751,175.7636876,346.9344726,351.1212964,354.2863007,358.5171203,361.8185101,365.1738705,369.5960011
Denpasar CIty,Bali,Rice Field in 2028,0,Lognormal,Linear,3.76859e-06,"σ=0.0723, μ=4.2467 (Linear)",7,69.88529368,0.5,74.10016829,37.05008414,69.88529368,74.28126281,76.6671227,79.31801672,81.056851,82.64075631,84.58460926
Gianyar,Bali,Rice Field in 2028,0,Pareto,Linear,1.41375e-05,"α=115.2773, xm=359.2076 (Linear)",7,361.377914,0.5,364.5116053,182.2558027,361.377914,364.2415859,366.3986158,369.2717617,371.5056845,373.7689954,376.7410481
Jembrana,Bali,Rice Field in 2028,0,Pareto,Linear,4.38375e-06,"α=31.0198, xm=81.9630 (Linear)",7,83.81846711,0.5,86.58471019,43.2923551,83.81846711,86.31349576,88.22837003,90.82695891,92.88572447,95.00614962,97.84403714
Karangasem,Bali,Rice Field in 2028,0,Pareto,Linear,1.51141e-05,"α=73.6197, xm=238.8057 (Linear)",7,241.0688566,0.5,244.3582957,122.1791479,241.0688566,244.0668048,246.3338057,249.365177,251.7313681,254.1369118,257.3082729
Klungkung,Bali,Rice Field in 2028,0,Lognormal,Linear,1.19423e-05,"σ=0.0265, μ=3.6415 (Linear)",7,38.15031321,0.5,38.96975427,19.48487714,38.15031321,39.01342698,39.46837825,39.96347279,40.2825592,40.56946387,40.91684881
Tabanan,Bali,Rice Field in 2028,0,Pareto,Linear,1.31379e-05,"α=72.0537, xm=619.5026 (Linear)",7,625.5018629,0.5,634.2250622,317.1125311,625.5018629,633.4507753,639.4630272,647.5043228,653.7825778,660.1665627,668.5849276
Badung,Bali,Rice Field in 2028,1,Lognormal,Linear,6.14452e-06,"σ=0.0388, μ=5.6236 (Linear)",7,276.9098376,0.5,285.6902776,142.8451388,276.9098376,286.1341597,291.0347837,296.3977255,299.8705426,303.0040428,306.8118958
Bangli,Bali,Rice Field in 2028,1,Pareto,Linear,1.47863e-05,"α=77.7891, xm=37.7417 (Linear)",7,38.08008913,0.5,38.57149064,19.28574532,38.08008913,38.52812434,38.86672544,39.31923289,39.67224065,40.03093712,40.50354871
Buleleng,Bali,Rice Field in 2028,1,Pareto,Linear,7.37688e-06,"α=55.8047, xm=345.1074 (Linear)",7,349.4285681,0.5,355.7462573,177.8731287,349.4285681,355.1726866,359.5312937,365.3795287,369.9602854,374.6313371,380.8110308
Denpasar CIty,Bali,Rice Field in 2028,1,Lognormal,Linear,2.38011e-06,"σ=0.0830, μ=4.2570 (Linear)",7,70.61433714,0.5,75.54002299,37.77001149,70.61433714,75.73944519,78.5401369,81.66715213,83.72677613,85.60861408,87.92543055
Gianyar,Bali,Rice Field in 2028,1,Pareto,Linear,8.84311e-06,"α=90.7322, xm=359.5281 (Linear)",7,362.2902854,0.5,366.2911504,183.1455752,362.2902854,365.941735,368.6972859,372.3744746,375.2389117,378.1457872,381.9701674
Jembrana,Bali,Rice Field in 2028,1,Lognormal,Linear,1.94741e-06,"σ=0.0768, μ=4.4183 (Linear)",7,82.96945477,0.5,88.3065216,44.1532608,82.96945477,88.53019822,91.55705464,94.92715512,97.14164446,99.16144911,101.6436131
Karangasem,Bali,Rice Field in 2028,1,Pareto,Linear,7.3457e-06,"α=71.2908, xm=241.0842 (Linear)",7,243.4439976,0.5,246.875894,123.437947,243.4439976,246.5710177,248.9364547,252.1005625,254.5712375,257.0837807,260.3973915
Klungkung,Bali,Rice Field in 2028,1,Lognormal,Linear,5.79994e-06,"σ=0.0239, μ=3.6503 (Linear)",7,38.48717326,0.5,39.23302554,19.61651277,38.48717326,39.27319755,39.68683864,40.13645663,40.42594901,40.68605584,41.00075696
Tabanan,Bali,Rice Field in 2028,1,Lognormal,Linear,3.32331e-05,"σ=0.0262, μ=6.4403 (Linear)",7,626.6219866,0.5,639.9217067,319.9608533,626.6219866,640.6314359,648.0144209,656.0477262,661.2245423,665.8788376,671.5137567
