Regency/City,Province,Exposure,Estimated_Loss,Simulated_Mean,Simulated_Std_Dev,Actual_CV,VaR_90%,TVaR_90%,VaR_95%,TVaR_95%,VaR_98%,TVaR_98%,VaR_99%,TVaR_99%,VaR_99.5%,TVaR_99.5%,Max_Simulated_Loss
Badung,Bali,Airport,310450725664.03,310377681293.357,46558916431.6436,0.150007295104566,371659856094.097,399537772814.491,392260608396.485,418114062099.955,416924398452.138,440855152125.698,434233794000.553,457076600919.225,450747881134.348,472628186071.476,616983197219.604
Badung,Bali,Airport,310450725664.03,310284891955.658,108568450581.547,0.349899248710641,452913342084.905,537278107647.253,512162887836.619,595230213038.89,588518268350.931,670914027392.31,645684125461.82,728095204051.261,703010198300.36,785421022036.777,1437703090688.81
Badung,Bali,Airport,310450725664.03,310195673384.483,170459402629.612,0.549522179886532,525535520319.998,686500026440.723,632918711302.092,800155323778.685,780939913566.621,957481533932.255,898468363525.59,1082645172799.92,1021807756612.95,1213291457362.49,3014742160336.52
Badung,Bali,Airport,310450725664.03,310107059723.068,232167626835.109,0.748669272613268,584429946429.42,836068980114.106,744149698968.035,1018077019921.35,977830743507.285,1283124869872.86,1173229332447.31,1503676638924.11,1386693054754.24,1742153026070.36,5656952698295.05
Badung,Bali,Airport,310450725664.03,310062171022.522,262928661267.36,0.84798690662674,608348092227.964,908369528539.487,794282346902.203,1127716867148.66,1073725237771.85,1454438238470.63,1312887536183.53,1731801817003.65,1578930153736.63,2036469854532.02,7453588637704.93
Badung,Bali,Educational,608074000000.0,608173000000.0,91291073980.0,0.15010702,728326000000.0,782983000000.0,769218000000.0,819331000000.0,817034000000.0,863513000000.0,850332000000.0,895039000000.0,882521000000.0,925286000000.0,1172980000000.0
Denpasar City,Bali,Educational,1418720000000.0,1418950000000.0,212995000000.0,0.15010702,1699290000000.0,1826810000000.0,1794690000000.0,1911610000000.0,1906250000000.0,2014700000000.0,1983940000000.0,2088250000000.0,2059040000000.0,2158820000000.0,2736720000000.0
Gianyar,Bali,Educational,100996000000.0,101012000000.0,15162644499.0,0.15010702,120969000000.0,130047000000.0,127760000000.0,136084000000.0,135702000000.0,143422000000.0,141233000000.0,148658000000.0,146579000000.0,153682000000.0,194821000000.0
Jembrana,Bali,Educational,73518683295.0,73530676634.0,11037470769.0,0.15010702,88057695853.0,94665957539.0,93001617040.0,99060523251.0,98782759205.0,104402000000.0,102809000000.0,108214000000.0,106700000000.0,111871000000.0,141818000000.0
Karangasem,Bali,Educational,6727440558.0,6728538027.0,1010000794.0,0.15010702,8057855336.0,8662554518.0,8510256473.0,9064686035.0,9039268807.0,9553492692.0,9407670434.0,9902282469.0,9763786606.0,10236919377.0,12977255484.0
Klungkung,Bali,Educational,114985000000.0,115003000000.0,17262799478.0,0.15010702,137724000000.0,148059000000.0,145456000000.0,154932000000.0,154498000000.0,163287000000.0,160795000000.0,169248000000.0,166881000000.0,174968000000.0,221806000000.0
Tabanan,Bali,Educational,48919106992.0,48927087323.0,7344299289.0,0.15010702,58593321477.0,62990438591.0,61882991513.0,65914569174.0,65729745827.0,69468964780.0,68408606892.0,72005216760.0,70998133326.0,74438555046.0,94365122077.0
Badung,Bali,Electricity,311362000000.0,311412000000.0,46745189981.0,0.15010702,372936000000.0,400923000000.0,393874000000.0,419535000000.0,418358000000.0,442158000000.0,435409000000.0,458301000000.0,451891000000.0,473788000000.0,600618000000.0
Buleleng,Bali,Electricity,90049537.68,90064227.75,13519272.86,0.15010702,107857682.5,115951827.9,113913256.4,121334522.3,120994302.4,127877399.0,125925508.5,132546092.5,130692268.8,137025344.1,173705861.3
Denpasar City,Bali,Electricity,77549981207.0,77562632185.0,11642695603.0,0.15010702,92886220923.0,99856837732.0,98101235364.0,104492000000.0,104199000000.0,110127000000.0,108446000000.0,114148000000.0,112551000000.0,118005000000.0,149594000000.0
Gianyar,Bali,Electricity,169137000000.0,169165000000.0,25392800680.0,0.15010702,202585000000.0,217788000000.0,213959000000.0,227899000000.0,227260000000.0,240188000000.0,236522000000.0,248957000000.0,245475000000.0,257370000000.0,326266000000.0
Jembrana,Bali,Electricity,39477742449.0,39484182580.0,5926852995.0,0.15010702,47284838108.0,50833313695.0,49939603381.0,53193088457.0,53043935929.0,56061487390.0,55205778073.0,58108243936.0,57295527129.0,60071949082.0,76152698089.0
Klungkung,Bali,Electricity,25605561530.0,25609738648.0,3844201559.0,0.15010702,30669302663.0,32970870695.0,32391203443.0,34501438405.0,34404696950.0,36361903589.0,35806884071.0,37689445323.0,37162311072.0,38963119293.0,49393214394.0
Tabanan,Bali,Electricity,19417141249.0,19420308830.0,2915124691.0,0.15010702,23257063943.0,25002382886.0,24562811159.0,26163038917.0,26089678194.0,27573861922.0,27152980999.0,28580559836.0,28180824794.0,29546408889.0,37455730838.0
Badung,Bali,Healthcare,9956601827.0,9958226079.0,1494799644.0,0.15010702,11925613682.0,12820567555.0,12595166679.0,13415721590.0,13378104132.0,14139154702.0,13923337980.0,14655363043.0,14450389376.0,15150625159.0,19206318443.0
Denpasar City,Bali,Healthcare,21266388834.0,21269858088.0,3192755019.0,0.15010702,25472017668.0,27383557105.0,26902121494.0,28654751569.0,28574404126.0,30199938382.0,29738973648.0,31302512082.0,30864707117.0,32360346563.0,41022935655.0
Gianyar,Bali,Healthcare,7114747.58,7115908.232,1068147.781,0.15010702,8521755.973,9161268.43,9000202.399,9586551.152,9559670.624,10103499.01,9949281.585,10472369.04,10325899.8,10826271.41,13724372.03
Jembrana,Bali,Healthcare,644522734.8,644627877.8,96763169.93,0.15010702,771983180.4,829916411.8,815325491.0,868442639.2,866007540.6,915272782.2,901302274.4,948688602.0,935419999.8,980748505.4,1243286525.0
Klungkung,Bali,Healthcare,992252855.9,992414725.3,148968417.3,0.15010702,1188480210.0,1277669329.0,1255206377.0,1336981060.0,1333232187.0,1409076799.0,1387568983.0,1460520978.0,1440093757.0,1509877702.0,1914059100.0
Tabanan,Bali,Healthcare,3378234829.0,3378785931.0,507179488.3,0.15010702,4046312607.0,4349966846.0,4273489238.0,4551900208.0,4539136756.0,4797358144.0,4724132401.0,4972505552.0,4902958814.0,5140545990.0,6516626358.0
Badung,Bali,Hotel,95423500000000.0,95439100000000.0,14326100000000.0,0.15010702,114294000000000.0,122872000000000.0,120711000000000.0,128575000000000.0,128215000000000.0,135509000000000.0,133440000000000.0,140456000000000.0,138492000000000.0,145203000000000.0,184072000000000.0
Buleleng,Bali,Hotel,7645970360.0,7647217672.0,1147901058.0,0.15010702,9158033065.0,9845294734.0,9672202704.0,10302331199.0,10273443635.0,10857876979.0,10692144907.0,11254288702.0,11096883333.0,11634615195.0,14749102566.0
Denpasar City,Bali,Hotel,279956000000.0,280002000000.0,42030252001.0,0.15010702,335320000000.0,360484000000.0,354146000000.0,377219000000.0,376161000000.0,397560000000.0,391492000000.0,412074000000.0,406311000000.0,426000000000.0,540037000000.0
Gianyar,Bali,Hotel,2170760000000.0,2171110000000.0,325899000000.0,0.15010702,2600040000000.0,2795160000000.0,2746020000000.0,2924920000000.0,2916720000000.0,3082640000000.0,3035590000000.0,3195190000000.0,3150500000000.0,3303170000000.0,4187400000000.0
Jembrana,Bali,Hotel,621866000000.0,621968000000.0,93361692644.0,0.15010702,744846000000.0,800743000000.0,786665000000.0,837915000000.0,835565000000.0,883099000000.0,869619000000.0,915340000000.0,902538000000.0,946273000000.0,1199580000000.0
Karangasem,Bali,Hotel,2439720000000.0,2440120000000.0,366279000000.0,0.15010702,2922200000000.0,3141500000000.0,3086270000000.0,3287330000000.0,3278110000000.0,3464600000000.0,3411720000000.0,3591090000000.0,3540860000000.0,3712450000000.0,4706240000000.0
Klungkung,Bali,Hotel,6284400000000.0,6285420000000.0,943486000000.0,0.15010702,7527200000000.0,8092070000000.0,7949810000000.0,8467720000000.0,8443980000000.0,8924340000000.0,8788120000000.0,9250160000000.0,9120780000000.0,9562760000000.0,12122600000000.0
Tabanan,Bali,Hotel,1812240000000.0,1812530000000.0,272074000000.0,0.15010702,2170620000000.0,2333520000000.0,2292490000000.0,2441840000000.0,2435000000000.0,2573520000000.0,2534240000000.0,2667470000000.0,2630170000000.0,2757620000000.0,3495810000000.0
