Climate Change,Regency/City,Province,Exposure,Model,Threshold (PML 25y),AAL,PML 10y,TVaR 10y,PML 25y,TVaR 25y,PML 50y,TVaR 50y,PML 100y,TVaR 100y,PML 250y,TVaR 250y
0,Denpasar City,Bali,Rice Field in 2022,Pareto,118.225786961708,4.895423997448,114.67822369362,118.6677489349,118.225786961708,122.385599936195,121.039970442549,125.296118818997,123.941670852976,128.224150911034,127.83019756165,132.268844335046
0,Gianyar,Bali,Rice Field in 2022,Pareto,639.606133608149,25.893346378409,632.800416657397,640.359534736434,639.606133608149,647.333659460214,644.911248089324,652.699313124741,650.298188765868,658.014811353157,657.390337415708,665.233377138514
0,Jembrana,Bali,Rice Field in 2022,Pareto,243.398950947992,10.064208190083,236.386367676164,244.266383730715,243.398950947992,251.605204752075,248.955776887629,257.344186661003,254.679945265404,263.112168708476,262.342350649331,271.071425770676
0,Klungkung,Bali,Rice Field in 2022,Lognormal,116.439577957137,4.67345856977,115.974372632043,116.44218379946,116.439577957137,116.836464244238,116.737331074083,117.098643156616,117.003690024874,117.339503313031,117.324492106658,117.631857812182
0,Buleleng,Bali,Rice Field in 2022,Lognormal,420.543199340893,16.883509209213,418.733504379604,420.553550021843,420.543199340893,422.087730230332,421.701781900966,423.108122402338,422.738400595871,424.04570207675,423.987143663847,425.18393355082
0,Tabanan,Bali,Rice Field in 2022,Pareto,844.19009042896,34.119639926879,836.420831904288,845.042445610059,844.19009042896,852.990998171962,850.238511671985,859.098540470733,856.37331910613,865.142155786236,864.439567661261,873.339250476385
0,Karangasem,Bali,Rice Field in 2022,Pareto,272.168543411013,10.991984204498,269.84339754325,272.422576015306,272.168543411013,274.79960511246,273.977617802203,276.625006977802,275.81158336431,278.43036573718,278.221503341828,280.877608942307
0,Badung,Bali,Rice Field in 2022,Pareto,458.302917603265,18.569006531759,453.093323987449,458.882250111534,458.302917603265,464.225163293968,462.366483890467,468.338475486897,466.495076614638,472.415670863907,471.934134042555,477.956103675272
0,Bangli,Bali,Rice Field in 2022,Lognormal,126.193518186628,5.070748781693,125.520448444292,126.19763426524,126.193518186628,126.768719542319,126.624788767157,127.148839354193,127.010900767311,127.498308488796,127.476325174048,127.922821472851
1,Denpasar City,Bali,Rice Field in 2022,Lognormal,118.261586956365,4.778540863219,116.866704415147,118.273616000418,118.261586956365,119.463521580476,119.160140953403,120.259314674545,119.967777493808,120.993564881153,120.945297590254,121.888848582516
1,Gianyar,Bali,Rice Field in 2022,Pareto,643.344406319487,25.94743002213,638.614946957946,643.857255897254,643.344406319487,648.685750553255,647.02023793765,652.389800704667,650.743178630321,656.04975415857,655.630040938355,661.00584398199
1,Jembrana,Bali,Rice Field in 2022,Pareto,255.283519722268,10.601667604828,246.99613806069,256.331152203126,255.283519722268,265.041690120686,261.872440940762,271.875936412876,268.679631640526,278.764888212896,277.822621636186,288.301897607627
1,Klungkung,Bali,Rice Field in 2022,Pareto,116.421212260501,4.665527303974,116.227322808268,116.441490091505,116.421212260501,116.638182599346,116.571146456754,116.788313618096,116.722331583231,116.935998786532,116.919769521901,117.135002196863
1,Buleleng,Bali,Rice Field in 2022,Pareto,433.001740793035,17.522235379121,428.547922043434,433.493691337915,433.001740793035,438.055884478014,436.472428878068,441.564774316457,439.995670554438,445.039894915332,444.632686793121,449.757728281808
1,Tabanan,Bali,Rice Field in 2022,Pareto,851.845563003657,34.37690756547,845.142091476503,852.574847468928,851.845563003657,859.422689136745,857.058046359009,864.678239669075,862.339468023726,869.873334498662,869.275290161901,876.911389023139
1,Karangasem,Bali,Rice Field in 2022,Pareto,276.324421608671,11.169407695894,273.755249244341,276.606449331881,276.324421608671,279.235192397345,278.324708892524,281.255246452846,280.353715041908,283.25430525306,283.021747642764,285.965897743016
1,Badung,Bali,Rice Field in 2022,Pareto,470.040286603232,19.122813126188,463.017836211873,470.838743503633,470.040286603232,478.070328154699,475.535502409661,483.655411731041,481.134340088034,489.207086487003,488.534289369402,496.774759053059
1,Bangli,Bali,Rice Field in 2022,Pareto,128.33155578753,5.178034836437,127.341056189686,128.439211719166,128.33155578753,129.450870910918,129.101644297726,130.227190551877,129.881825654924,130.994489029217,130.9062583346,132.033850099918
0,Denpasar City,Bali,Rice Field in 2025,Pareto,93.0695081182776,3.8749960250371,89.8493969670994,93.4817405214134,93.0695081182776,96.8749006259278,95.6346834133917,99.5423280280433,98.2893762116632,102.235734359942,101.862066575618,105.97157205194
0,Gianyar,Bali,Rice Field in 2025,Pareto,499.354286500869,20.1675099670067,495.082889869046,499.820987433741,499.354286500869,504.187749175169,502.67766889644,507.541166866244,506.046806370862,510.857791822598,510.474060160351,515.353665086038
0,Jembrana,Bali,Rice Field in 2025,Pareto,202.435500876153,8.3926891327794,196.151260604548,203.223245381283,202.435500876153,209.817228319484,207.425333498475,214.984175736141,212.574606732481,220.186540592998,219.481693108582,227.379552846911
0,Klungkung,Bali,Rice Field in 2025,Lognormal,95.2067802989473,3.8228974461731,94.7784553233083,95.2092622894066,95.2067802989473,95.5724361543275,95.4810418255599,95.8140199183753,95.7264609803553,96.0360213330915,96.0221369277744,96.3055639572433
0,Buleleng,Bali,Rice Field in 2025,Lognormal,405.117585304616,16.2581634529022,403.550768363484,405.126285150738,405.117585304616,406.454086322556,406.12031600778,407.33693211414,407.017252486062,408.147933210627,408.097433848436,409.13224819604
0,Tabanan,Bali,Rice Field in 2025,Pareto,775.390997856238,31.3366446743379,768.305831205428,776.167981759792,775.390997856238,783.416116858447,780.90652506157,788.985144782396,786.500540134331,794.495597841788,793.855300110267,801.9691250142
0,Karangasem,Bali,Rice Field in 2025,Pareto,252.113221954339,10.1806314263117,249.989592566006,252.345063297141,252.113221954339,254.515785657793,253.76533020223,256.182580495723,255.44001321831,257.830918727637,257.640390092782,260.065080992973
0,Badung,Bali,Rice Field in 2025,Pareto,412.831038067374,16.7613800831332,407.390245837771,413.442946068482,412.831038067374,419.03450207833,417.081844222536,423.346185659025,421.40681710095,427.626121064397,427.113964079225,433.451263924571
0,Bangli,Bali,Rice Field in 2025,Lognormal,89.4898786193914,3.5930948686447,89.0945026059474,89.4921574257325,89.4898786193914,89.8273717161174,89.7430257184178,90.0503435009285,89.9695398234184,90.2552324478581,90.2424254786463,90.5039863391527
1,Denpasar City,Bali,Rice Field in 2025,Pareto,94.9423609343737,3.9372013152653,91.9743205234381,95.3148947076996,94.9423609343737,98.430032881633,97.2995239535547,100.871492152372,99.732430428916,103.330117820802,102.996520542782,106.730179203473
1,Gianyar,Bali,Rice Field in 2025,Pareto,505.329740251171,20.4030188926981,501.134157260862,505.787433721409,505.329740251171,510.075472317453,508.593403061451,513.367701601527,511.901349387097,516.623167146771,516.247207678832,521.035171209823
1,Jembrana,Bali,Rice Field in 2025,Pareto,210.549049179604,8.7324087929806,203.945370541463,211.378415387705,210.549049179604,218.310219824514,215.794060680708,223.743459482466,221.208056060277,229.215352319856,228.472390977422,236.783185894367
1,Klungkung,Bali,Rice Field in 2025,Pareto,95.1281587172579,3.8173631849141,94.8553102389046,95.1569150775069,95.1281587172579,95.434079622853,95.3393772019151,95.6458577011127,95.5525569711839,95.8543813482393,95.8312567122897,96.1356560343762
1,Buleleng,Bali,Rice Field in 2025,Pareto,419.64002993072,17.0227392978732,414.43384314767,420.222745589522,419.64002993072,425.56848244683,423.704723106917,429.68777641651,427.837827557474,433.774246556416,433.287963213363,439.332321992703
1,Tabanan,Bali,Rice Field in 2025,Pareto,776.015805464512,31.2477084321622,771.421292240043,776.509534560562,776.015805464512,781.192710804055,779.582201026227,784.780734826882,783.190274130526,788.322068408224,787.920249177888,793.111575912355
1,Karangasem,Bali,Rice Field in 2025,Pareto,255.552695707983,10.3313048540446,253.143652347903,255.817359864378,255.552695707983,258.282621351116,257.428527502111,260.177265416264,259.331483508972,262.052408021826,261.834059342608,264.596202299484
1,Badung,Bali,Rice Field in 2025,Pareto,417.561166693195,16.9293523606505,412.575811049183,418.117544391727,417.561166693195,423.233809016263,421.451817839757,427.17463830612,425.406501752598,431.082626495517,430.619152955589,436.395778379165
1,Bangli,Bali,Rice Field in 2025,Lognormal,90.6362641072889,3.6402661975452,90.2025504187733,90.6388250016855,90.6362641072889,91.006654938631,90.9140415037062,91.2513874008757,91.1626499480016,91.4763178613303,91.4622222850598,91.7494621645717
0,Denpasar City,Bali,Rice Field in 2028,Pareto,89.7131676493124,3.7464339543801,86.386767315955,90.145257959492,89.7131676493124,93.6608488595013,92.3690499709987,96.4307671039655,95.1230972751415,99.2332638766926,98.8380584203628,103.129036428582
0,Gianyar,Bali,Rice Field in 2028,Lognormal,378.195744572625,15.1781683157296,376.720475620108,378.20395488469,378.195744572625,379.454207893239,379.139912243034,380.285512740424,379.984481461623,381.049181235666,381.001618163416,381.976066341922
0,Jembrana,Bali,Rice Field in 2028,Pareto,102.302607698481,4.2550914589873,98.8496527799423,102.742445897682,102.302607698481,106.377286474681,105.051135998637,109.232505115711,107.893648837393,112.113565791431,111.71610095562,116.10666807041
0,Klungkung,Bali,Rice Field in 2028,Lognormal,41.0239102893938,1.6468972355415,40.8498782851392,41.0249016047812,41.0239102893938,41.1724308885368,41.135321511846,41.2705490750405,41.235000799173,41.3607011946918,41.3550729522136,41.470142930805
0,Buleleng,Bali,Rice Field in 2028,Pareto,376.529728256776,15.3012439194411,371.2729391124,377.123817349255,376.529728256776,382.531097986027,380.639659904363,386.703592924936,384.823869665026,390.847922023915,390.34919258407,396.492357475336
0,Tabanan,Bali,Rice Field in 2028,Pareto,672.665026981834,27.1748212882144,666.741711330514,673.313245628515,672.665026981834,679.37053220536,677.274731037054,684.023213936428,681.948820021693,688.625758597219,688.09225905952,694.866136652231
0,Karangasem,Bali,Rice Field in 2028,Pareto,258.511460565076,10.4349786087604,256.421643972854,258.739123727173,258.511460565076,260.87446521901,260.136771060898,262.513599446437,261.783853475392,264.134151502925,263.947302437068,266.330004224175
0,Badung,Bali,Rice Field in 2028,Pareto,306.715414930421,12.4466522924947,302.808892665321,307.153561809492,306.715414930421,311.166307312368,309.766308070994,314.259340505116,312.869353870478,317.328526891944,316.962425293288,321.504182513606
0,Bangli,Bali,Rice Field in 2028,Lognormal,40.3588419568586,1.6206692567001,40.1739116547878,40.3599194719383,40.3588419568586,40.5167314175022,40.4772631164972,40.6210493235135,40.583236012252,40.7169158149424,40.7109166686278,40.8333175693842
1,Denpasar City,Bali,Rice Field in 2028,Pareto,91.2322126635227,3.7860737507559,88.3250533482668,91.5984152488378,91.2322126635227,94.6518437688966,93.5422997516562,97.0462497540239,95.9277701798797,99.4586618964162,99.1300088779819,102.79660792274
1,Gianyar,Bali,Rice Field in 2028,Pareto,383.304234723426,15.4404456031079,380.903188433898,383.562814397864,383.304234723426,386.011140077698,385.168567673953,387.887499557439,387.055192629326,389.739940746678,389.529214607391,392.246037898943
1,Jembrana,Bali,Rice Field in 2028,Pareto,106.976610924044,4.4537996905454,103.279834996944,107.44974752058,106.976610924044,111.344992263635,109.921388805745,114.407000584944,112.968828213869,117.498725798954,117.069917132614,121.786882795775
1,Klungkung,Bali,Rice Field in 2028,Pareto,40.9776899976482,1.6438657904082,40.8715476167137,40.9888568094135,40.9776899976482,41.096644760204,41.0598370456225,41.1789840326367,41.1427289707748,41.260040381042,41.2510703489243,41.3693498879394
1,Buleleng,Bali,Rice Field in 2028,Pareto,382.244839009932,15.4816645344899,378.023057520022,382.713377647134,382.244839009932,387.041613362248,385.536945096394,390.37280728002,388.880887418551,393.67391331052,393.284949814553,398.158469749247
1,Tabanan,Bali,Rice Field in 2028,Pareto,672.21605143297,27.0321663878954,669.025537327918,672.556359831175,672.21605143297,675.804159697385,674.690032768202,678.289884114936,677.190636691075,680.741006889411,680.465317763306,684.052674489759
1,Karangasem,Bali,Rice Field in 2028,Pareto,260.923250658521,10.5236221418882,259.004236489837,261.131347671935,260.923250658521,263.090553547205,262.414751792127,264.593510231041,263.925371790445,266.078578118642,265.908270476203,268.089573973574
1,Badung,Bali,Rice Field in 2028,Pareto,311.084058973362,12.617247755981,307.265711396998,311.511086200218,311.084058973362,315.431193899526,314.064853772877,318.451577969194,317.095503322495,321.447582853754,321.091403549818,325.522028857778
1,Bangli,Bali,Rice Field in 2028,Lognormal,40.7472964034948,1.6357697238313,40.5751050764237,40.7482761527622,40.7472964034948,40.8942430957811,40.8575277832575,40.9913210395263,40.9561504899461,41.0805165655764,41.074948677755,41.188795999625
